first_name,last_name,company,title,email
Rochell,Watmore,Ainyx,Software Test Engineer III,rwatmore0@theglobeandmail.com
Bord,Stove,Skimia,Senior Sales Associate,bstove1@wikispaces.com
Bayard,Castelletti,Brightbean,Mechanical Systems Engineer,bcastelletti2@cbc.ca
Waylen,Shewon,Devpoint,Senior Cost Accountant,wshewon3@spotify.com
Bord,Ellams,Photojam,Payment Adjustment Coordinator,bellams4@noaa.gov
Constance,Breton,Katz,Internal Auditor,cbreton5@indiatimes.com
Cristie,Johantges,Voonte,Analog Circuit Design manager,cjohantges6@yolasite.com
Zebulon,Varian,Muxo,Accountant IV,zvarian7@cnet.com
Calvin,Yakov,Yamia,Product Engineer,cyakov8@goodreads.com
Willie,Benduhn,Roodel,Structural Analysis Engineer,wbenduhn9@deliciousdays.com
Inglis,Breslane,Demimbu,Environmental Specialist,ibreslanea@google.ca
Vyky,Dziwisz,Ozu,Executive Secretary,vdziwiszb@upenn.edu
Margaretta,Gladebeck,Meembee,Research Associate,mgladebeckc@ovh.net
Sawyer,Stamp,Dabjam,Occupational Therapist,sstampd@posterous.com
Lorenzo,Bencher,Brainlounge,Human Resources Assistant I,lbenchere@japanpost.jp
Cornelle,Lilywhite,Photobug,Clinical Specialist,clilywhitef@techcrunch.com
Felicity,Mearing,Trunyx,Legal Assistant,fmearingg@sohu.com
Farley,Peacher,Flipstorm,Actuary,fpeacherh@mapy.cz
Margy,Insall,Meemm,Occupational Therapist,minsalli@census.gov
Tabbi,Lazell,Jabberstorm,Marketing Manager,tlazellj@spotify.com
Maggy,Lemmon,Demimbu,Research Assistant II,mlemmonk@spotify.com
Ruthanne,Meneer,Vimbo,Programmer Analyst I,rmeneerl@people.com.cn
Elliott,Saxby,Fanoodle,VP Sales,esaxbym@webnode.com
Denise,McDonald,Zooveo,Human Resources Assistant I,dmcdonaldn@bing.com
Guido,Simo,Skinte,Legal Assistant,gsimoo@networkadvertising.org
Damara,Frisdick,Aimbo,Senior Financial Analyst,dfrisdickp@drupal.org
Rosamond,Auston,Katz,Director of Sales,raustonq@jugem.jp
Boyce,Himsworth,Feedfish,Design Engineer,bhimsworthr@time.com
Bab,O'Connel,Zoomcast,Health Coach I,boconnels@google.cn
Evangelina,Winterbottom,Katz,Assistant Media Planner,ewinterbottomt@census.gov
Latia,Speers,Layo,Administrative Officer,lspeersu@photobucket.com
Taryn,Cunliffe,Katz,Safety Technician II,tcunliffev@cafepress.com
Thomasina,Blazdell,Wikibox,Data Coordiator,tblazdellw@harvard.edu
Daveen,Jorger,Feedmix,Sales Associate,djorgerx@army.mil
Brittne,Edlington,Feedfish,Chemical Engineer,bedlingtony@blogs.com
Ferrel,Kopisch,Jabbertype,Executive Secretary,fkopischz@github.io
Nanette,Slowan,Camido,Accounting Assistant I,nslowan10@abc.net.au
Kelcie,Peris,Thoughtbeat,Business Systems Development,kperis11@clickbank.net
Sonnnie,Yakovich,Wordify,VP Sales,syakovich12@epa.gov
Kelila,Cranmere,Wikibox,Physical Therapy Assistant,kcranmere13@pinterest.com
Coraline,Bentick,Thoughtbridge,Clinical Specialist,cbentick14@npr.org
Martelle,Rapper,Realpoint,Senior Developer,mrapper15@ycombinator.com
Daisy,O'Henehan,Twiyo,Account Coordinator,dohenehan16@cnn.com
Letizia,Grishakov,Fanoodle,Recruiting Manager,lgrishakov17@sina.com.cn
Tibold,Sturte,Shufflebeat,Tax Accountant,tsturte18@umich.edu
Hilton,Gyrgorcewicx,Jaxbean,Executive Secretary,hgyrgorcewicx19@de.vu
Milzie,Pippard,Topicshots,Director of Sales,mpippard1a@mashable.com
Drucy,Toomey,Zoomcast,Tax Accountant,dtoomey1b@craigslist.org
Vitoria,Small,Zooxo,Statistician III,vsmall1c@miibeian.gov.cn
Diarmid,Yves,Teklist,Senior Sales Associate,dyves1d@ftc.gov
Alastair,Whitcher,Eadel,Software Test Engineer III,awhitcher1e@mayoclinic.com
Huey,Blaschek,Browsetype,Nurse,hblaschek1f@deliciousdays.com
Idaline,de Werk,Flashset,Chief Design Engineer,idewerk1g@sciencedirect.com
Kassi,Clayton,Vitz,Research Nurse,kclayton1h@umich.edu
Antonietta,Scrivner,Topicware,Budget/Accounting Analyst IV,ascrivner1i@buzzfeed.com
Evaleen,Cashford,Tavu,Nurse Practicioner,ecashford1j@uiuc.edu
Zachary,Nortunen,Jabbertype,Structural Engineer,znortunen1k@is.gd
Jolene,Vanni,Geba,Staff Accountant IV,jvanni1l@instagram.com
Dewie,Colbert,Kayveo,Librarian,dcolbert1m@imgur.com
Kaye,O'Shiel,Browsecat,Payment Adjustment Coordinator,koshiel1n@linkedin.com
Arabel,Hodgins,Vidoo,VP Sales,ahodgins1o@cbslocal.com
Carline,Walwood,Edgetag,Research Assistant III,cwalwood1p@timesonline.co.uk
Balduin,Ewert,Zoonder,VP Accounting,bewert1q@ftc.gov
Reagen,Falconer-Taylor,Wordware,Developer II,rfalconertaylor1r@amazonaws.com
Harp,Cattrall,Skinder,Administrative Assistant III,hcattrall1s@surveymonkey.com
Demeter,Ley,Izio,Electrical Engineer,dley1t@aboutads.info
Thekla,Scramage,Agimba,Operator,tscramage1u@dyndns.org
Marjory,Glassopp,Eare,Web Developer I,mglassopp1v@census.gov
Kimbra,Vigours,Abata,Senior Developer,kvigours1w@liveinternet.ru
Judy,Knevet,Jabbersphere,Web Developer II,jknevet1x@prnewswire.com
Waldo,Trevor,Quaxo,Environmental Tech,wtrevor1y@purevolume.com
Brand,Thor,Trupe,Director of Sales,bthor1z@yandex.ru
Mathew,Hedman,Skimia,Senior Quality Engineer,mhedman20@walmart.com
Annis,Jozef,Quimba,Nuclear Power Engineer,ajozef21@imgur.com
Lonna,Stripp,Twimbo,Professor,lstripp22@sourceforge.net
Pauline,Dudley,Jaxnation,Statistician II,pdudley23@myspace.com
Thom,Dowber,Kwideo,Electrical Engineer,tdowber24@ed.gov
Libbey,Beddingham,Agimba,Web Developer IV,lbeddingham25@redcross.org
Row,Hofer,Realfire,Actuary,rhofer26@yandex.ru
Alix,Vanacci,Ooba,Computer Systems Analyst III,avanacci27@addtoany.com
De,Serotsky,Tazzy,Accountant IV,dserotsky28@washington.edu
Bonny,Hilhouse,Brainbox,Analog Circuit Design manager,bhilhouse29@mapquest.com
Rolfe,Dunkerk,Shufflester,Marketing Assistant,rdunkerk2a@paypal.com
Noah,Espinos,Talane,Clinical Specialist,nespinos2b@liveinternet.ru
Liuka,Stronough,Omba,Research Associate,lstronough2c@google.com.br
Bobbee,Otley,Realpoint,Social Worker,botley2d@zdnet.com
Salomone,Zienkiewicz,Skipstorm,Senior Sales Associate,szienkiewicz2e@tinyurl.com
Rudolfo,Kohen,Ainyx,VP Product Management,rkohen2f@seattletimes.com
Liana,Saunder,Skilith,Cost Accountant,lsaunder2g@hubpages.com
Catherin,Denecamp,Jamia,VP Quality Control,cdenecamp2h@facebook.com
Colet,Bernon,Reallinks,Safety Technician I,cbernon2i@un.org
Augustina,Fossord,Kimia,Teacher,afossord2j@uol.com.br
Jimmy,Langsdon,Bubbletube,Programmer Analyst IV,jlangsdon2k@cbsnews.com
Connie,Elcy,Babbleblab,Librarian,celcy2l@phoca.cz
Kerk,Hackforth,Gigaclub,Junior Executive,khackforth2m@businessweek.com
Sylas,Pill,Jabberstorm,Compensation Analyst,spill2n@princeton.edu
Whitby,Gooday,BlogXS,Clinical Specialist,wgooday2o@redcross.org
Elizabet,Marciskewski,Divavu,Recruiting Manager,emarciskewski2p@huffingtonpost.com
Velma,Dummett,Browseblab,Financial Analyst,vdummett2q@meetup.com
Fanya,Tiron,Buzzbean,Paralegal,ftiron2r@ft.com
yash,,,Intern,yash@gmail.com
